,texto,classe
0,"√â amplamente elogiado por sua rapidez, √≥tima c√¢mera e bateria dur√°vel, al√©m de n√£o travar durante o uso. O aparelho tamb√©m √© apreciado por suas fun√ß√µes adicionais como NFC e Smart View, e pelo excelente custo-benef√≠cio.",Positivo
1,"Gostei bastante, a tela tem um √≥timo tamanho... achei bem satisfat√≥rio para o pre√ßo do celular, n√£o tenho com o que reclamar por enquanto, estou bem satisfeito!",Positivo
2,"Celular muito bonito, veio tudo certinho!! s√≥ n√£o gostei pq n√£ embalaram o cell em um saco bolha, e a caixa veio sem nenhuma prote√ß√£o! mas o telefone n√£o tem nenhum arranh√£o. Tirando isso, tudo certo.",Neutro
3,Dei de presente pra minha esposa... Por enquanto tudo certo.,Neutro
4,"Por enquanto estou achando muito bom, fotos boas, respostas r√°pidas da biometria, al√©m disso tem o smart view... fora isso ele √© muito bom. Obs o carregador √© fraco demorar para carregar o telefone um pouco.",Positivo
5,"Produto muito bom bateria dura bastante s√≥ n√£o gostei do tamanho, estou acostumado com celular maior,mas pra quem gosta recomendo podem comprar sem medo.",Positivo
6,"O produto tem um design lindo, por√©m tem pouca durabilidade em rela√ß√£o √† bateria... S√≥ n√£o fa√ßo a devolu√ß√£o devido a necessidade que eu tenho em rela√ß√£o ao aparelho.",Neutro
7,"Eu n√£o tive muito sorte com essa compra, esse celular est√° com um m√™s de uso e t√° travando... ele n√£o obedece.",Negativo
8,"A qualidade das c√¢meras deixa muito a desejar, mas para um b√°sico, d√° pro gasto... precisa adquirir um separadamente.",Neutro
9,"Celular mediano, esperava mais por ser samsung... travando o app usado no momento fazendo com que voc√™ desigualdade tela para reiniciar o app.",Negativo
10,"Produto infelizmente ap√≥s poucos meses de uso, apresenta defeitos de travamento e acessos remotos a apps e liga√ß√µes.",Negativo
11,Produto muito bom bateria dura bastante s√≥ n√£o gostei do tamanho...mas pra quem gosta recomendo podem comprar sem medo.,Positivo
12,"O produto tem um design lindo, por√©m tem pouca durabilidade em rela√ß√£o √† bateria... S√≥ n√£o fa√ßo a devolu√ß√£o devido a necessidade que eu tenho em rela√ß√£o ao aparelho.",Neutro
13,"Ou configura√ß√£o pois n√£o me adaptei com o a15... mas faz parte, n√£o √© ruim mas a configura√ß√£o tem que sofrer pois j√° fui em 2 t√©cnico samsung.",Neutro
14,Produto veio errado e me foi negado o reembolso de forma descarada e ilegal com total desprezo ao consumidor.,Negativo
15,O meu s√≥ prestou 3 dias a√≠ n√£o carregou mais e eles n√£o aceitaram a devolu√ß√£o fiquei no preju√≠zo.,Negativo
16,P√©ssima qualidade. Comprei com 1 mes de uso deu problema n√£o t√° carregando mais. P√©ssimo n√£o comprem.,Negativo
17,√â um celular bem lento. Bem devagar para abrir apps e executar tarefas simples como copiar e colar texto entre dois apps.,Negativo
18,O celular com 1 m√™s de uso apresentou problemas... Vou ter q mandar pra assist√™ncia t√©cnica.,Negativo
19,"O celular √© bom, por onde sai o √°udio que parece que n√£o tem uma prote√ß√£o √© como se fosse outro celular que encaixaram em cima dele s√≥ tem metade da prote√ß√£o do audio na parte de cima.",Neutro
20,"Nem cinco dia de uso j√° come√ßou a dar defeito... Mas o celular n√£o üìµ üëé. Minha primeira experi√™ncia, foi a desejar.",Negativo
